From,To,Amount,Link
"Amit Verma","Nisha Verma","268 XLM","https://stellar.expert/explorer/testnet/tx/2eab71f9fd0a65d5a597661eed2656e401aa44dd860c62c55b8d1b1229c6ef6b"
"Nisha Verma (Escrow Release)","Nisha Verma","143 XLM","https://stellar.expert/explorer/testnet/tx/a9c0c436af6f884f94e63f59a0a89999fef2f4554bebc4a2def35a3474f7d4ec"
"Priya Reddy","Vikram Reddy","417 XLM","https://stellar.expert/explorer/testnet/tx/eef366a1c7dd4afe5b1df9af60e24e4583021d30083ec4185b2e8f58f1d77317"
"Vikram Reddy (Escrow Release)","Vikram Reddy","256 XLM","https://stellar.expert/explorer/testnet/tx/35bc8574b4e2f3891aa9e85b94688ba6622089e2d5757f5c9ac9e6b0304d1088"
"Rajesh Kumar","Neha Kumar","200 XLM","https://stellar.expert/explorer/testnet/tx/f7079938fef28598f86096218dad19cc7d9c11119037fd6033bcd16dc3fecb60"
"Neha Kumar (Escrow Release)","Neha Kumar","54 XLM","https://stellar.expert/explorer/testnet/tx/bd36d76e474fa7a0cacea470af8c81865e17181bfbcb6a5491ff51e9b9226d62"
"Sunita Joshi","Rohan Joshi","413 XLM","https://stellar.expert/explorer/testnet/tx/d8006af7316811f34f5ad49dbda0247f9057ddf28d0fd8b7bd63c9348086bf7d"
"Rohan Joshi (Escrow Release)","Rohan Joshi","114 XLM","https://stellar.expert/explorer/testnet/tx/63a2a5af5883f1d1e4496198b7451dcc3f96e2c4d25ad7578300c5340a3d8215"
"Anil Singh","Tara Singh","303 XLM","https://stellar.expert/explorer/testnet/tx/2ba5b98b141d547568167dcf341e0f56b982b435bca2f3f018d41d1586b696b7"
"Tara Singh (Escrow Release)","Tara Singh","177 XLM","https://stellar.expert/explorer/testnet/tx/9bdf00a12077bc8320abfbbd412e0e4c20a54267e6e0eb89bf8d379a595eeaba"
"Vikram Reddy","IIT Bombay (Tuition)","150 XLM","https://stellar.expert/explorer/testnet/tx/b7d89bb503bc9c4ff1380c3b75021512c1b876dd63cc3cd5a7c58475ea7d992"
"Neha Kumar","IIT Bombay (Tuition)","120 XLM","https://stellar.expert/explorer/testnet/tx/bad60208290ced9b07a48f898caaab5363225630d6232a7e520096acb61c20ba"
"Rohan Joshi","Delhi University (Tuition)","280 XLM","https://stellar.expert/explorer/testnet/tx/b3e4b6c04b4d800f779302f459f37bad9bd58d2d2e496a6d72ac30737dc7e6b5"
"Tara Singh","Delhi University (Tuition)","126 XLM","https://stellar.expert/explorer/testnet/tx/15ceaff603d915ff0a9d5817f05698609a8b1958a046f71b52ddf7091b6db236"
"Nisha Verma","IIT Bombay (Tuition)","110 XLM","https://stellar.expert/explorer/testnet/tx/5abf09d6fcbd78012a90a31de8db6f3e858af56098dc01575d5b39aef5161401"
